City ID,City Name (English),City Name (Localized),Description (English),Description (Localized),Center Latitude,Center Longitude,Display Order
CITY-001,Cairo,القاهرة,"Cairo is the capital of the Arab Republic of Egypt and its largest and most important city. It is the largest Arab city in terms of population and area, and it is part of the largest urban agglomeration in Africa, the Arab world, and the Middle East.
Cairo is one of the most culturally and civilizationally diverse cities, having witnessed many different historical eras throughout the ages. It contains numerous ancient and modern landmarks, making it an open museum featuring Pharaonic, Greek, Roman, Coptic, and Islamic antiquities. The city's history dates back to the emergence of the Pharaonic city of On, or Heliopolis (present-day Ain Shams), which is considered one of the oldest cities in the ancient world. As for Cairo in its current style, its establishment dates back to the Islamic conquest of Egypt by Amr ibn al-Aas in 641 AD and his founding of the city of Fustat, followed by the Abbasids' establishment of al-Askar, and then Ahmad ibn Tulun's construction of al-Qata'i. With the arrival of the Fatimids in Egypt from Ifriqiya (modern-day Tunisia), the commander Jawhar al-Siqilli began building the new capital of the Fatimid state by order of the Fatimid Caliph al-Mu'izz li-Din Allah in 969 AD, and the Caliph named it ""Cairo."" Throughout the ages, Cairo has been given many names, such as the City of a Thousand Minarets, Egypt the Protected, and al-Mu'izz's Cairo. During the Islamic era, Cairo witnessed the finest arts of architecture, represented in the construction of citadels, fortresses, walls, schools, and mosques, which gave it an aesthetic touch that remains in its old neighborhoods to this day.
Cairo is both a governorate and a city; it is a governorate whose entire area is occupied by a single city, and at the same time, a large city that constitutes a governorate in itself, divided into 37 districts. Cairo celebrates its national day on July 6th of each year, the day that marks Commander Jawhar al-Siqilli laying the city's foundation stone in 969 AD, making Cairo now more than 1,055 years old.","القاهرة هي عاصمة جمهورية مصر العربية وأكبر وأهم مدنها، وتعد أكبر مدينة عربية من حيث تعداد السكان والمساحة، كما أنها جزء من أكبر تجمع حضري في أفريقيا والوطن العربي والشرق الأوسط.
تعد مدينة القاهرة من أكثر المدن تنوعاً ثقافياً وحضارياً، حيث شهدت العديد من الحقب التاريخية المختلفة على مر العصور، وتوجد فيها العديد من المعالم القديمة والحديثة، فأصبحت متحفاً مفتوحاً يضم آثاراً فرعونية ويونانية ورومانية وقبطية وإسلامية. يعود تاريخ المدينة إلى نشأة مدينة أون الفرعونية أو هليوبوليس «عين شمس حالياً» والتي تعد واحدة من أقدم مدن العالم القديم. أما القاهرة بطرازها الحالي فيعود تاريخ إنشائها إلى الفتح الإسلامي لمصر على يد عمرو بن العاص عام 641 م وإنشائه مدينة الفسطاط، ثم إنشاء العباسيين لمدينة العسكر، فبناء أحمد بن طولون لمدينة القطائع، ومع دخول الفاطميين مصر قادمين من إفريقية (تونس حالياً) بدأ القائد جوهر الصقلي في بناء العاصمة الجديدة للدولة الفاطمية بأمر من الخليفة الفاطمي المعز لدين الله وذلك في عام 969م، وأطلق عليها الخليفة اسم «القاهرة». وأطلق على القاهرة- على مر العصور- العديد من الأسماء، فهي مدينة الألف مئذنة ومصر المحروسة وقاهرة المعز. شهدت القاهرة خلال العصر الإسلامي أرقى فنون العمارة التي تمثلت في بناء القلاع والحصون والأسوار والمدارس والمساجد، مما منحها لمحةً جماليةً لا زالت موجودة بأحيائها القديمة حتى الآن.
وتعد القاهرة محافظة ومدينة، أي أنها محافظة تشغل كامل مساحتها مدينة واحدة، وفي نفس الوقت مدينة كبيرة تشكل محافظة بذاتها، وتنقسم إلى 37 حياً، وتحتفل القاهرة بعيدها القومي في 6 يوليو من كل عام، وهو اليوم الذي يوافق وضع القائد جوهر الصقلي حجر أساس المدينة عام 969م، ليبلغ عمر القاهرة الآن ما يربو على 1055 عام.",30.04499621,31.23531255,0
CITY-020,Luxor,الأقصر,"Luxor is a city in Upper Egypt that stands on the site of ancient Thebes, the pharaonic capital during the height of the Egyptian Empire. It is globally renowned for containing about one-third of the world’s ancient monuments.",تعد مدينة الأقصر، الواقعة في صعيد مصر، واحدة من أعظم المدن التاريخية في العالم، حيث بُنيت على أطلال مدينة طيبة القديمة، عاصمة مصر في عصر الدولة الحديثة. تُعرف عالمياً بأنها تضم ما يقرب من ثلث آثار العالم,25.68775472,32.63948276,1
CITY-003,Alexadria,الاسكندرية,"Alexandria Governorate is a vital coastal and historical region in northern Egypt, located along the Mediterranean Sea with a total area of about 2,818 square kilometers. As Egypt's second-largest urban governorate, it is home to over 5.5 million people. Founded by Alexander the Great in 331 BCE, the city served as Egypt's capital for centuries and became a beacon of Hellenistic culture, globally renowned for ancient wonders like the Lighthouse and the Great Library of Alexandria.

Today, Alexandria is a massive economic and industrial powerhouse. It hosts 40% of Egypt's industrial sector—including petroleum, chemicals, and textiles—and features the country's most important maritime port, which facilitates significant global trade. Rich in cultural heritage, the governorate beautifully blends Pharaonic, Hellenistic, Roman, and Islamic influences, remaining a vibrant, contemporary hub for tourism, education, and commerce.","تُعد محافظة الإسكندرية منطقة ساحلية وتاريخية حيوية في شمال مصر، وتقع على امتداد البحر الأبيض المتوسط بمساحة تبلغ حوالي 2,818 كيلومتراً مربعاً. تُصنف كأنها ثاني أكبر محافظة حضرية في مصر، حيث يتجاوز تعداد سكانها 5.5 مليون نسمة. أسسها الإسكندر الأكبر عام 331 قبل الميلاد، لتصبح عاصمة مصر لعدة قرون ومركزاً للثقافة الهلنستية، حيث اشتهرت عالمياً بمعالم تاريخية عظيمة مثل فنار الإسكندرية ومكتبتها العريقة.

في وقتنا الحاضر، تُمثل الإسكندرية قوة اقتصادية وصناعية ضخمة. فهي تستحوذ على 40% من قطاع الصناعة في مصر، بما في ذلك صناعات البترول والكيماويات والمنسوجات، وتضم أهم ميناء بحري في البلاد والذي يُسهل حركة التجارة العالمية. تزخر المحافظة بتراث ثقافي غني يمزج بسلاسة بين الحضارات الفرعونية والهلنستية والرومانية والإسلامية، لتظل اليوم مركزاً حديثاً ونابضاً بالحياة للسياحة والتعليم والتجارة.",31.197731,29.892544,2
CITY-002,Giza,الجيزة,"Giza Governorate is a significant region in Egypt, known for its historical and cultural importance. It is located in the center of the country, opposite Cairo, and includes the city of Giza as its capital. The governorate encompasses a stretch of the left bank of the Nile Valley and a large portion of Egypt's Western Desert, including Bahariya Oasis. Giza is famous for its ancient monuments, such as the Great Sphinx and the Pyramids of Giza, and is a major tourist destination. The Grand Egyptian Museum, set to open in 2025, will further enhance its status as a cultural and historical hub. The governorate's population is diverse, with a mix of urban and rural areas, and it has been working on improving infrastructure and public services to cater to its residents.","تُعد محافظة الجيزة منطقة بالغة الأهمية في مصر، وتشتهر بمكانتها التاريخية والثقافية. تقع المحافظة في وسط البلاد مقابل القاهرة، وتتخذ من مدينة الجيزة عاصمة لها. يمتد نطاق المحافظة ليشمل شريطاً على الضفة الغربية (اليسرى) لوادي النيل، وجزءاً كبيراً من الصحراء الغربية في مصر، بما في ذلك الواحات البحرية.

تشتهر الجيزة بآثارها العريقة، مثل تمثال أبو الهول وأهرامات الجيزة، وتُعد وجهة سياحية رئيسية. كما سيعمل المتحف المصري الكبير، المقرر افتتاحه في عام 2025، على تعزيز مكانتها كمركز ثقافي وتاريخي. يتسم التركيب السكاني للمحافظة بالتنوع، حيث تضم مزيجاً من المناطق الحضرية والريفية، وتواصل جهودها في تحسين البنية التحتية والخدمات العامة لتلبية احتياجات سكانها.",30.013651,31.208138,3
CITY-021,Aswan,أسوان,"Aswan is a city in Southern Egypt, it is the capital of the Aswan Governorate. The city of Aswan is among the oldest continuously inhabited cities, with its recorded history spanning over 2,600 years.
Aswan is the ancient city of Swenett, later known as Syene, which in antiquity was the frontier town of Ancient Egypt facing the south. Swenett is supposed to have derived its name from an Egyptian goddess with the same name. This goddess later was identified as Eileithyia by the Greeks and Lucina by the Romans during their occupation of Ancient Egypt because of the similar association of their goddesses with childbirth, and of which the import is ""the opener"". The ancient name of the city also is said to be derived from the Egyptian symbol for ""trade"", or ""market"".","مدينة أسوان هي عاصمة محافظة أسوان في مصر، اعتبرت أسوان تاريخيًا إحدى أهم مدن جنوب مصر والبوابة الجنوبية لها، حيث يقع إلى الجنوب منها الشلال الأول لنهر النيل والذي مَثَّل حدًا طبيعيًا بين صعيد مصر والنوبة. تقع المدينة على الضفة الشرقية لنهر النيل. يصلها بالقاهرة خط سكة حديد وطرق برية صحراوية وزراعية ومراكب نيلية ورحلات جوية محلية. وهي واحدة من المدن المبدعة المسجلة في قائمة اليونسكو في مجال الحرف والفنون منذ 2005م.
بدأت أهمية أسوان في عصر الدولة القديمة، حيث كانت تمثل الحدود الجنوبية للبلاد. كما كانت مركز تجمع الجيوش في عصور الملوك الوسطى لمحاولتهم مد حكمهم جنوباً. كما لعبت دوراً حاسماً في محاربة الهكسوس. كما حازت جزيرة فيلة، موطن الإلهة «إيزيس» على اهتمام البطالمة الذين أكملوا معبدها الكبير. كما أقام الرومان المعابد على الطراز الفرعوني للتقرب من المصريين. ومن أمثلة هذه المعابد، معبد صغير في جزيرة فيلة أقامه الإمبراطور تراجان.
وعندما أصبحت المسيحية الدين الرسمي للبلاد في القرن الخامس الميلادي، تحولت معظم معابد الفراعنة إلى كنائس، فكانت جزيرة فيلة مركزاً لأحد الأسقفيات، مما أدى إلى انتشار المسيحية جنوباً تجاه بلاد النوبة في مصر والسودان.
ومنذ انتشار الإسلام وظهروه؛ عثر على العديد من الكتابات بالخط الكوفي التي ترجع إلى القرن الأول الهجري. وازدهرت أسوان في العصر الإسلامي في القرن العاشر الميلادي حيث كانت طريقاً إلى «عيذاب"" على ساحل البحر الأحمر، حيث تبحر السفن منها إلى الحجاز واليمن والهند. كما كانت مركزًا ثقافيًا هامًا في القرنين السادس والسابع الهجري، وكان بها ثلاث مدارس أقدمها مدرسة أسوان، والمدرسة السيفية، والمدرسة النجمية في أسوان.
كما أنشأ فيها محمد علي أول مدرسة حربية في مصر عام 1837 م.",24.08925459,32.89984037,4
CITY-008,Sinai ,سيناء,"Known as the ""Land of Turquoise,"" the Sinai Peninsula is a unique geographical bridge between Africa and Asia. It is world-renowned for its stunning natural diversity, ranging from the majestic rugged mountains of the south to the crystal-clear coral reefs of the Red Sea. Sinai holds immense historical and spiritual significance, hosting sacred religious sites, alongside being a premier destination for adventure, diving, and eco-tourism.","أرض الفيروز""، شبه جزيرة تربط بين قارتي آسيا وأفريقيا، تمتاز بتنوعها الجغرافي الفريد بين الجبال الشاهقة والشواطئ المرجانية، وتعد مركزاً عالمياً للسياحة الدينية والترفيهية والعلاجية.",29.3208853,34.13292038,5
CITY-012,Minya,المنيا,"Minya is a prominent city and the capital of the Minya Governorate in Upper Egypt, located on the western bank of the Nile River approximately 245 kilometers south of Cairo. Dubbed the ""Bride of Upper Egypt"" due to its strategic location bridging the north and south, the city is an important cultural and educational center that is home to Minya University and one of the highest concentrations of Coptic Christians in the country. Minya boasts a deep, diverse history dating back to the Predynastic Period when it was known as the ""Oryx"" nome. Throughout the ages, it flourished as a center of Greco-Roman culture, Byzantine monasticism, and Islamic development, notably expanding into a robust medieval city under the 9th-century Abbasid ruler Ibn Khasib.

In the modern era, Minya experienced a massive economic boom fueled by the high demand for Egyptian cotton during the American Civil War, which left behind a rich legacy of Italian-designed Colonial architecture. The city is also famous for its fierce spirit of independence, having briefly declared itself the ""Empire of Minya"" during the 1919 Egyptian Revolution. Today, Minya remains a vital archaeological hub, offering profound insights into ancient daily life through the rock-cut tombs of Beni Hasan and continuing to yield monumental discoveries—including Ptolemaic mummies, Roman-era tombs, and early Christian texts—at sites like Tuna el-Gebel and Oxyrhynchus.","تُعد المنيا مدينة بارزة وعاصمة لمحافظة المنيا في صعيد مصر، وتقع على الضفة الغربية لنهر النيل على بُعد حوالي 245 كيلومتراً جنوب القاهرة. تُلقب بـ ""عروس الصعيد"" بفضل موقعها الاستراتيجي الذي يربط بين شمال مصر وجنوبها، وتُمثل مركزاً ثقافياً وتعليمياً مهماً يضم جامعة المنيا وواحدة من أكبر نسب التجمعات للمسيحيين الأقباط في البلاد. تتمتع المنيا بتاريخ عميق ومتنوع يعود إلى عصر ما قبل الأسرات عندما كانت تُعرف بإقليم ""المها"". وعلى مر العصور، ازدهرت كمركز للثقافة اليونانية الرومانية، والرهبنة البيزنطية، والتطور الإسلامي؛ حيث تحولت إلى مدينة نابضة بالحياة في العصور الوسطى في عهد الحاكم العباسي ""ابن خصيب"" في القرن التاسع.

في العصر الحديث، شهدت المنيا طفرة اقتصادية هائلة مدفوعة بالطلب المرتفع على القطن المصري إبان الحرب الأهلية الأمريكية، مما ترك إرثاً غنياً من العمارة الكولونيالية ذات التصميم الإيطالي. كما تُعرف المدينة بروح الاستقلال الشجاعة، حيث أعلنت نفسها بشكل استثنائي ولفترة وجيزة ""إمبراطورية المنيا"" خلال ثورة 1919. واليوم، لا تزال المنيا مركزاً أثرياً حيوياً، حيث تقدم رؤى عميقة عن الحياة اليومية القديمة من خلال المقابر المنحوتة في الصخر في ""بني حسن""، وتواصل تقديم اكتشافات أثرية ضخمة—بما في ذلك المومياوات البطلمية، والمقابر الرومانية، والنصوص المسيحية المبكرة—في مواقع هامة مثل ""تونا الجبل"" و""البهنسا"".",28.088972,30.756105,6
CITY-031,Sohag,سوهاج,"Sohag, also spelled as Suhag or Suhaj, is a city on the west bank of the Nile in Egypt. The city has been the capital of Sohag Governorate since 1960, before which the capital was Girga and the name of the governorate was Girga Governorate. The city also included Esna Governorate (nowadays part of Qena Governorate).",سُوهاج، هي مدينة تقع على الضفة الغربية لنهر النيل في مصر. وهي عاصمة محافظة سوهاج منذ عام 1960، والتي كانت تعرف سابقاً بمحافظة جرجا وعاصمتها جرجا. وكانت المحافظة تضم في السابق المنطقة المعروفة اليوم بمحافظة قنا.,26.56941209,31.68135563,7
CITY-030,Qena,قِنا,"Qena is the capital of the Qena Governorate of Egypt. Located in Upper Egypt, Qena is situated on the east bank of the Nile, it was known in antiquity as Kaine and Maximianopolis. Gauthier identifies Qena with ancient Shabt.",قِنـا، مدينة مصرية تقع في صعيد مصر شرق نهر النيل، وهي عاصمة محافظة قنا وأكبر مدنها. من أشهر معالمها مسجد عبد الرحيم القناوي ومعبد دندرة. احتلت مدينة قنا المركز الثالث في جائزة تجميل المدينة في دورتها الثامنة عام 2006 الصادرة من منظمة المدن العربية.,26.15872941,32.70089926,8
CITY-019,Fayoum,الفيوم,"Faiyum Governorate is one of Egypt's governorates, and its capital is Faiyum City, which is the largest natural oasis in Egypt. The governorate is located in the North Upper Egypt region, which includes three governorates: Faiyum, Beni Suef, and Minya. Faiyum is famous for its numerous natural sites, most notably the Lake Qarun Protectorate, Wadi El Rayan Protectorate, and the Wadi Al-Hitan (Whale Valley) Protectorate, which is registered as a UNESCO World Heritage site. It also possesses a diverse collection of Pharaonic, Roman, Coptic, and Islamic monuments, making it one of the primary destinations for Egyptian tourism.
During the Pharaonic era, Faiyum was part of the twentieth province of Upper Egypt, whose capital was Herakleopolis Magna (Ihnasya)—currently a center in Beni Suef Governorate. It was considered a hunting center centered around Lake Moeris (currently Lake Qarun). With the onset of the Ptolemaic era, the city of Karanis was established to the north of current Faiyum City and east of Lake Qarun; it continued to flourish until the Roman era before declining toward the end of the third century AD and the beginning of the fourth. The purpose of its establishment was to settle Greek immigrants, and it served as an agricultural region from the Ptolemaic era through the Roman era. Historians differ regarding the date of the campaign sent by Amr ibn al-Aas to conquer the Faiyum region; some believe he sent a detachment to attack Faiyum in June 640 AD during the siege of the Babylon Fortress, while others believe that the Muslims did not hear of Faiyum until a year after entering Egypt and following the fall of the Babylon Fortress, when some Egyptians guided them to it. During the modern era, the people of Faiyum participated in standing against the British occupation during the 1919 Revolution led by Hamad Pasha al-Basil, and the day of their uprising on March 15th was designated as the governorate's national day.","محافظة الفيوم هي إحدى محافظات مصر وعاصمتها مدينة الفيوم وهي أكبر واحة طبيعية في مصر. تقع المحافظة في إقليم شمال الصعيد الذي يضم ثلاث محافظات هي الفيوم، بني سويف، المنيا. تشتهر الفيوم بوجود العديد من الأماكن الطبيعية أشهرها محمية بحيرة قارون، محمية وادي الريان، محمية وادي الحيتان المسجلة ضمن مواقع التراث العالمي، كذلك تمتلك مجموعة متنوعة من الآثار الفرعونية والرومانية والقبطية والإسلامية، مما أهّلها لتكون إحدى قبلات الجذب السياحي المصرية.
كانت الفيوم خلال العصر الفرعوني جزءاً من المقاطعة العشرين من مقاطعات الوجه القبلي والتي كانت عاصمتها إهناسيا - أحد مراكز محافظة بني سويف حالياً -، وكانت تعتبر مركزاً للصيد يتمحور حول بحيرة موريس - بحيرة قارون حالياً -. ومع دخول العصر البطلمي أنشئت مدينة كرانيس التي تقع إلى الشمال من مدينة الفيوم الحالية وإلى الشرق من بحيرة قارون، والتي استمرت في الازدهار حتى العصر الروماني ثم تدهورت مع نهاية القرن الثالث الميلادي وبداية القرن الرابع، وكان السبب وراء إنشائها هو تسكين المهاجرين الإغريق وكانت منطقة زراعية منذ عصر البطالمة حتى العصر الروماني. واختلف المؤرخون حول تاريخ الحملة التي أرسلها عمرو بن العاص لفتح إقليم الفيوم فمنهم من يرى أنه أرسل في يونيو عام 640 فرقة لمهاجمة الفيوم وذلك أثناء حصاره لحصن بابليون، بينما يرى الفريق الآخر أن المسلمين لم يسمعوا عن الفيوم إلا بعد مرور عام على دخولهم مصر وبعد سقوط حصن بابليون، وذلك حتى دلهم إليها بعض المصريين. خلال العصر الحديث شارك شعب الفيوم في الوقوف ضد الاحتلال الإنجليزي إبان ثورة 1919 بقيادة حمد باشا الباسل واعتبر يوم ثورتهم في الخامس عشر من مارس عيداً قومياً للمحافظة.",29.3153887,30.84106975,9
CITY-015,The New Valley Governorate,الوادي الجديد,"New Valley is a governorate of Egypt. It is in the southwestern part of the country, in the south of Egypt Western Desert, between the Nile, northern Sudan, and southeastern Libya.",الوادي الجديد هو إحدى محافظات مصر. يقع في الجزء الجنوبي الغربي من البلاد، في جنوب الصحراء الغربية المصرية، بين النيل وشمال السودان وجنوب شرق ليبيا.,24.60793277,27.17850453,10
CITY-014,"Marsa Matruh",مرسى مطروح,"Marsa Matruh is a resort town on Egypt’s Mediterranean coast, known for its lagoons and white-sand beaches. It’s on a large bay, with the resort stretching along the shore. West of the town, Cleopatra’s Beach is surrounded by rocks, creating a natural pool called Cleopatra’s Bath. Near Rommel’s Beach is the Rommel Museum, with memorabilia and maps, in caves that served as the German WWII commander’s headquarters.","مرسى مطروح مدينة منتجعية على ساحل البحر الأبيض المتوسط ​​في مصر، تشتهر ببحيراتها وشواطئها ذات الرمال البيضاء. تقع المدينة على خليج واسع، ويمتد المنتجع على طول الشاطئ. غرب المدينة، يقع شاطئ كليوباترا المحاط بالصخور، مما يُشكّل بركة طبيعية تُعرف باسم حمام كليوباترا. بالقرب من شاطئ رومل، يقع متحف رومل، الذي يضم تذكارات وخرائط، في كهوف كانت بمثابة مقر قيادة القائد الألماني خلال الحرب العالمية الثانية.",31.35485871,27.23731145,11
CITY-011,Beheira,البحيرة,"Beheira Governorate is a strategic coastal region located in the northern part of Egypt within the Nile Delta, just west of the Rosetta branch of the Nile. With Damanhur as its capital, the governorate is home to nearly 7 million people as of 2024, the vast majority of whom live in rural areas. Beheira is a vital agricultural and industrial hub, known for its production of cotton, chemicals, and carpets, and is well-connected by four major highways. The region is also rich in historical and cultural heritage, housing important Roman and Byzantine archaeological sites, as well as some of Egypt's most significant Coptic monasteries in Wadi El Natrun. This historical depth was further highlighted in 2026 with the discovery of a 5th-century monastic guesthouse in Hosh Issa. Furthermore, Beheira made modern history in 2017 when it became the first Egyptian governorate to be led by a female governor.",تُعد محافظة البحيرة منطقة ساحلية استراتيجية تقع في الجزء الشمالي من مصر داخل دلتا النيل، إلى الغرب من فرع رشيد. تتخذ المحافظة من مدينة دمنهور عاصمة لها، ويقترب عدد سكانها من 7 ملايين نسمة وفقاً لتقديرات عام 2024، وتعيش الأغلبية العظمى منهم في المناطق الريفية. تُمثل البحيرة مركزاً زراعياً وصناعياً حيوياً، حيث تشتهر بإنتاج القطن والكيماويات والسجاد، وتتمتع بشبكة ربط قوية عبر أربعة طرق سريعة رئيسية. تزخر المنطقة بتراث تاريخي وثقافي غني، إذ تضم مواقع أثرية مهمة تعود للحقبتين الرومانية والبيزنطية، إلى جانب بعض أهم الأديرة القبطية في مصر والواقعة في وادي النطرون. وقد تجلى هذا العمق التاريخي مؤخراً في عام 2026 باكتشاف دار ضيافة رهبانية تعود للقرن الخامس الميلادي في مدينة حوش عيسى. علاوة على ذلك، سَطّرت البحيرة تاريخاً حديثاً في عام 2017 عندما أصبحت أول محافظة مصرية تتولى قيادتها محافظة سيدة.,30.610286,30.430119,12
CITY-017,Sharqia,الشرقية,"Sharqia Governorate boasts numerous archaeological treasures and tourism potential, standing unique among the Lower Egypt governorates, as it contains 120 archaeological sites scattered throughout its regions, the most famous of which are Tell Basta and San El-Hagar.
In ancient times, Sharqia Governorate was the 12th province of Lower Egypt, and its ancient capital was (Bubastis), which at one point in history became the capital of all Egypt. The Sharqia region was formed under its current name during the Fatimid era; prior to that, it was divided into several small ""Kuras"" (districts), each independent, which were then merged and named ""Sharqia"" due to its location in the eastern part of Lower Egypt. In 1315, it was named ""Al-A'mal al-Sharqia,"" and in 1527, it was called the ""Sharqia Province."" When Muhammad Ali took over the rule of Egypt in 1805 AD, the Egyptian territory consisted of 13 provinces, divided into 7 provinces in Lower Egypt and 13 provinces in Upper Egypt. Sharqia was one of the oldest and most prominent provinces of Lower Egypt.","تزهو محافظة الشرقية بالثروات الأثرية والإمكانات السياحية المتعددة والتي تنفرد دون غيرها من محافظات الوجه البحري حيث ينتشر من بين ربوعها مائة وعشرين موقع أثرى وأشهرهم منطقتي تل بسطة – وصان الحجر.
كانت محافظة الشرقية قديما هي المقاطعة رقم 12 من مقاطعات الوجه البحري وعاصمتها القديمة (بوباستيس) والتي أصبحت في فترة من التاريخ عاصمة لمصر كلها. وقد تكون إقليم الشرقية باسمه الحالي في عهد الدولة الفاطمية وكان قبل ذلك مقسما إلى عدة «كور» صغيرة كل كورة قائمة بذاتها ثم تم ضمها معا وسميت بالشرقية لوقوعها في الجهة الشرقية من الوجه البحري وفي عام 1315 أطلق عليها اسم الأعمال الشرقية، وفي سنة 1527 أطلق عليها اسم ولاية الشرقية. ولما تولى محمد علي حكم مصر سنة 1805 م كان القطر المصري يتكون من 13 ولاية تنقسم إلى 7 ولايات في الوجه البحري، 13 ولاية في الوجه القبلي. وكانت الشرقية إحدى ولايات الوجه البحري وأقدمها.",30.73520143,31.72398375,13
CITY-004,Kafr El-sheikh,كفر الشيخ,"Kafr El Sheikh is an Egyptian city located in the Nile Delta about 134 kilometers north of Cairo, serving as the capital of its namesake governorate with a population of approximately 186,857 as of 2023. Historically known as Duminqun—a name believed to have Coptic roots—the city was later named Fuadiyah in honor of King Fuad I. Following the 1952 Revolution and the abolition of the monarchy, it was officially renamed Kafr El Sheikh in 1955, meaning ""village of the sheikh,"" in reference to the 13th-century figure Sheikh Talhha at-Tilmisānī. Characterized by a hot desert climate, the city continues to grow as an educational and administrative center, highlighted by the establishment of the University of Kafr El Sheikh in 2006.","مدينة كفر الشيخ هي مدينة مصرية تقع في دلتا النيل على بُعد حوالي 134 كيلومتراً شمال القاهرة، وتُعد عاصمة المحافظة التي تحمل نفس الاسم، حيث يبلغ عدد سكانها حوالي 186,857 نسمة تقريباً بناءً على إحصائيات عام 2023. عُرفت المدينة تاريخياً باسم ""دمينقون"" وهو اسم يُعتقد أن له جذوراً قبطية، ثم سُميت لاحقاً بـ ""فؤادية"" تكريماً للملك فؤاد الأول. وعقب ثورة 1952 وإلغاء الملكية، تغير اسمها رسمياً في عام 1955 إلى ""كفر الشيخ"" نسبةً إلى الشيخ طلحة التلمساني الذي توفي عام 1234. تتميز المدينة بمناخ صحراوي حار، وتواصل نموها كمركز إداري وتعليمي، وهو ما توج بتأسيس جامعة كفر الشيخ عام 2006.",31.109098,30.944088,14
CITY-013,Gharbia ,الغربية,"Gharbia Governorate, located in the heart of Egypt's Nile Delta, is an agricultural and industrial hub featuring rich Islamic and Coptic history, specifically in its capital, Tanta. Top attractions include the Sayed Ahmad Albadawi Mosque, ancient churches, and scenic Nile views, offering a deeply cultural, off-the-beaten-path experience. ","تُعدّ محافظة الغربية، الواقعة في قلب دلتا النيل بمصر، مركزاً زراعياً وصناعياً غنياً بتاريخ إسلامي وقبطي عريق، لا سيما في عاصمتها طنطا. ومن أبرز معالمها مسجد السيد أحمد البدوي، والكنائس القديمة، والمناظر الخلابة للنيل، مما يوفر تجربة ثقافية فريدة من نوعها.",30.87929532,31.03343333,15
CITY-016,Menoufia,المنوفية,"The current name of Menoufia is derived from the present-day city of Menouf, which was an ancient Pharaonic village known as ""Per-Nub,"" meaning ""House of Gold."" The name Menouf is derived from its ancient name ""Men-Nefer"" in Ancient Egyptian and ""Panouphis"" in Coptic, which morphed into ""Manouphis"" after the Islamic conquest of Egypt, meaning ""The Good Land."" For ease of pronunciation, it began to be called ""Min-Nufi,"" and over time, it became ""Menouf.""",ظهر اسم المنوفية الحالي نسبة إلى مدينة منوف الحالية، التي كانت قرية فرعونية قديمة معروفة باسم «بير نوب»، الذي يعني «بيت الذهب»، واسم منوف اشتق من اسمها القديم من نفر بالمصرية القديمة وبانوفيس باللغة القبطية، والذي تحوّر إلى مانوفيس بعد الفتح الإسلامي لمصر، وتعني «الأرض الطيبة»، ولسهولة النطق أصبح يُطلق عليها من نوفي، ومع الوقت أصبحت منوف.,30.45844299,30.88932124,16
CITY-018,Qalyubia,القليوبية,"Qalyubia Governorate is one of Egypt's governorates, and its capital is the city of Banha. Qalyubia is located in the East Nile region at the head of the Delta.
In the Pharaonic era, Qalyubia was located in the tenth province of Lower Egypt, and its capital was called ""Hat-Hery-Ibt,"" meaning ""The Fortress in the Midst of the Land"" because it mediated the southern part of the Delta. Its name was ""Athribis"" in Greek and ""Athrib"" or ""Tell Athrib"" in Coptic. One of the most prominent figures from Qalyubia during the Pharaonic era was Amenhotep, son of Hapu, who rose in rank until he held the reins of power in ancient Egypt during the reign of Amenhotep III. The Pharaoh honored him by allowing him to establish a mortuary temple for himself next to the Pharaoh’s temple, and his sarcophagus was inscribed with royal inscriptions similar to those of kings.
During the Ptolemaic and Roman eras, the city of Athribis served as the capital of one of the eastern Delta provinces. Located northeast of the city of Banha at Tell Athrib, Athribis was a major agricultural, industrial, and commercial center.
In the Islamic era, Qalyubia was part of the Sharqia region. In 715 AH (1315 AD), Sultan Al-Nasir Muhammad ibn Qalawun issued a decree separating it from Sharqia and establishing it as a region named ""Al-A'mal al-Qalyubia,"" after the city of Qalyub, which he designated as its capital. In 933 AH (1527 AD), it was named the Qalyubia Province, then the Qalyubia District. In 1833 AD, it was named the Qalyubia Directorate with the city of Banha as its headquarters. In 1960 AD, it was named the Qalyubia Governorate, and the city of Banha remained its capital.","محافظة القليوبية إحدى محافظات مصر وعاصمتها مدينة بنها. وتقع محافظة القليوبية بمنطقة شرق النيل عند رأس الدلتا.
كانت القليوبية في العصر الفرعوني تقع في الإقليم العاشر من أقاليم مصر السفلى وكانت عاصمتها تسمى (حات/حرى/أيت) أي قلعة وسط الأرض لأنها تتوسط الجزء الجنوبي من الدلتا فكان اسمها بالإغريقية (أتريبس) وبالقبطية (أتريب أو تل أتريب) ومن أبرز أبناء القليوبية في العصر الفرعوني هو أمنحوتب من حسبو الذي تدرج حتى أصبح يقبض على زمام الأمور في مصر القديمة في عقد أمنحتب الثالث الذي كرمه فصرح له بإقامة معبد جنائزي لنفسه بجوار معبد الفرعون وتحت تابوته ونقش بنقوش ملكية على غرار توابيت الملوك.
وفي العصرين البطلمي والروماني مدينة أتريبس وعاصمة لإحدى محافظات شرق الدلتا وهي تقع في الشمال الشرقي من مدينة بنها عند تل أتريب وكانت أتريبس مركزا زراعيا وصناعيا وتجاريا كبيرا.
أما في العصر الإسلامي تابعة لإقليم الشرقية، وفي عام 715 هجرية 1315 ميلادية أصدر السلطان الناصر محمد بن قلاوون مرسوما بفصلها عن الشرقية واعتبارها إقليما باسم الأعمال القليوبية نسبة إلى مدينة قليوب، التي جعلها عاصمة لها وفي عام 933 هـ 1527 م سُمّيت ولاية القليوبية ثم مأمورية القليوبية، وفي سنه 1833 ميلادية سُمّيت مديرية القليوبية وقاعدتها مدينة بنها، وفي عام 1960 م سُمّيت محافظة القليوبية وظلت مدينة بنها عاصمة لها.",30.3389121,31.21516033,17
CITY-009,Suez Canal Cities,مدن القناة,"A strategic and historic region comprising three major port cities: Port Said, Ismailia, and Suez. This area is the gateway between the East and West, centered around the world-famous Suez Canal. It is characterized by its unique architectural heritage, blending European and local styles, along with its significant role in modern Egyptian history, coastal beauty, and vibrant maritime culture.",منطقة استراتيجية وتاريخية تضم ثلاث مدن ساحلية رئيسية هي: بورسعيد، الإسماعيلية، والسويس. تعتبر هذه المنطقة البوابة الفاصلة بين الشرق والغرب، وتتمحور حول قناة السويس الشهيرة عالمياً. تتميز بتراث معماري فريد يمزج بين الطراز الأوروبي والمحلي، ولها دور محوري في التاريخ المصري الحديث، بالإضافة إلى جمالها الساحلي وثقافتها البحرية الحيوية.,29.96830074,32.5485527,18
CITY-010,North Red Sea,شمال البحر الأحمر,"One of the world's premier coastal tourism destinations, stretching along the crystal-clear waters of the Red Sea. This region is famous for its year-round sunshine, diverse marine life, and world-class resorts like Hurghada and El Gouna. It offers a perfect blend of luxury, adventure, and water sports, particularly scuba diving and windsurfing, making it a hub for international and domestic travelers.",واحدة من أهم الوجهات السياحية الساحلية في العالم، تمتد على طول المياه الكريستالية للبحر الأحمر. تشتهر المنطقة بشمسها الساطعة طوال العام، والحياة البحرية المتنوعة، والمنتجعات العالمية مثل الغردقة والجونة. تقدم مزيجاً مثالياً من الرفاهية والمغامرة والرياضات المائية، وخاصة الغوص وركوب الأمواج، مما يجعلها مركزاً جاذباً للزوار على المستويين الدولي والمحلي.,27.22160047,33.74846718,19
CITY-006,Southern Red Sea,البحر الأحمر الجنوبي,"A paradise for divers and nature lovers seeking untouched beauty. Known for world-class natural reserves like Samadai (Dolphin House) and secluded beaches, this region offers ultimate tranquility and pristine marine life away from the hustle of major cities.","جنة الغواصين ومحبي الطبيعة البكر. تمتاز بوجود محميات طبيعية عالمية مثل ""صمداي"" و""بيت الدولفين""، وشواطئ منعزلة تمثل قمة الهدوء والجمال الطبيعي بعيداً عن صخب المدن الكبرى.",25.07681329,34.8784249,20
CITY-007,Heart of the Delta,قلب الدلتا,"The agricultural backbone and rural heart of Egypt. Distinguished by its vast green landscapes, it is a hub for religious tourism (such as El-Sayed El-Badawi Mosque) and authentic rural and Nile tourism, while being famous for its premium crops and industries.",عصب الزراعة والجمال الريفي في مصر. تتميز بطبيعتها الخضراء المنبسطة، وتعتبر مركزاً للسياحة الدينية (مثل مسجد السيد البدوي) والسياحة النيلية والريفية الأصيلة، بالإضافة إلى شهرتها بإنتاج أجود المحاصيل والصناعات,30.8356879,31.11362888,21